id,first_name,last_name,age,gender
USR001,John,Smith,28,M
USR001,John,Smith,28,M
USR002,Jane,Doe,32,F
USR003,Alice,Brown,,
USR004,Michael,Scott,45,Unknown
USR005,Emma,Wilson,22,F
USR006,Robert,Miller,54,M
USR007,Sarah,Davis,29,F
USR008,Kevin,Garnett,41,Male
USR009,Linda,Taylor,,F
USR010,John,Smith,28,M
USR011,Chris,Evans,35,M
USR012,Chris,Evans,35,M
USR013,Jessica,Alba,38,F
USR014,Tom,Hardy,42,M
USR015,Nancy,Drew,,
USR016,Nancy,Drew,25,F
USR017,David,Beckham,46,M
USR018,Serena,Williams,39,F
USR019,Elon,Musk,50,X
USR020,Jane,Doe,32,F
USR021,Mark,Zuckerberg,37,M
USR022,Sheryl,Sandberg,52,F
USR023,Bill,Gates,65,M
USR024,Melinda,French,57,F
USR025,Larry,Page,48,M
USR026,Sergey,Brin,48,M
USR027,Jeff,Bezos,57,M
USR028,MacKenzie,Scott,51,F
USR029,Oprah,Winfrey,67,F
USR030,Ellen,DeGeneres,63,F
USR031,Tim,Cook,60,M
USR032,Satya,Nadella,54,M
USR033,Sundar,Pichai,49,M
USR034,Reed,Hastings,61,M
USR035,Jack,Dorsey,45,M
USR036,Parag,Agrawal,37,M
USR037,Susan,Wojcicki,53,F
USR038,Gwyneth,Paltrow,49,Other
USR039,Robert,Downey,56,M
USR040,Scarlett,Johansson,37,F
USR040,Scarlett,Johansson,37,F
USR041,Chris,Hemsworth,38,M
USR042,Jeremy,Renner,50,M
USR043,Mark,Ruffalo,54,M
USR044,Elizabeth,Olsen,32,F
USR045,Paul,Bettany,50,M
USR046,Benedict,Cumberbatch,45,M
USR047,Tom,Holland,25,M
USR048,Zendaya,Coleman,25,F
USR049,Brie,Larson,32,F
USR050,Chadwick,Boseman,43,M
USR051,Anthony,Mackie,43,M
USR052,Sebastian,Stan,39,M
USR053,Lupita,Nyong'o,38,F
USR054,Danai,Gurira,43,F
USR055,Letitia,Wright,28,F
USR056,Winston,Duke,35,M
USR057,Florence,Pugh,25,F
USR058,Rachel,Weisz,51,F
USR059,David,Harbour,46,M
USR060,Hailee,Steinfeld,25,F
USR061,Alaqua,Cox,24,F
USR062,Vera,Farmiga,48,F
USR063,Tony,Dalton,46,M
USR064,Fra,Fee,34,M
USR065,Brian,d'Arcy James,53,M
USR066,Linda,Cardellini,46,F
USR067,Ava,Russo,21,F
USR068,Ben,Sakmoto,18,M
USR069,Cade,Woodward,10,M
USR070,Jonathan,Igla,42,M
USR071,Rhys,Thomas,45,M
USR072,Bert,Bert,40,Non-binary
USR073,Bertie,Bertie,40,F
USR074,Trinh,Tran,38,F
USR075,Victoria,Alonso,55,F
USR076,Louis,D'Esposito,61,M
USR077,Kevin,Feige,48,M
USR078,Brad,Winderbaum,40,M
USR079,Grant,Curtis,45,M
USR080,Stephen,Broussard,41,M
USR081,Nate,Moore,42,M
USR082,Eric,Carroll,38,M
USR083,Sarah,Finn,54,F
USR084,James,Gunn,55,M
USR085,Peter,Safran,56,M
USR086,Walter,Hamada,53,M
USR087,Zack,Snyder,55,M
USR088,Deborah,Snyder,58,F
USR089,Charles,Roven,72,M
USR090,Christopher,Nolan,51,M
USR091,Emma,Thomas,50,F
USR092,Quentin,Tarantino,58,M
USR093,Martin,Scorsese,79,M
USR094,Steven,Spielberg,75,M
USR095,Greta,Gerwig,38,F
USR096,Noah,Baumbach,52,M
USR097,Wes,Anderson,52,M
USR098,Sofia,Coppola,50,F
USR099,Spike,Lee,64,M
USR100,Jordan,Peele,42,M
USR101,Ari,Aster,35,M
USR102,Robert,Eggers,38,M
USR103,Chloe,Zhao,39,F
USR104,Denis,Villeneuve,54,M
USR105,Bong,Joon-ho,52,M
USR106,Park,Chan-wook,58,M
USR107,Alfonso,Cuaron,60,M
USR108,Guillermo,del Toro,57,M
USR109,Alejandro,Inarritu,58,M
USR110,Kathryn,Bigelow,70,F
USR111,Patty,Jenkins,50,F
USR112,Cary,Fukunaga,44,M
USR113,Taika,Waititi,46,M
USR114,James,Wan,44,M
USR115,Sam,Raimi,62,M
USR116,Jon,Watts,40,M
USR117,Ryan,Coogler,35,M
USR118,Destin,Daniel Cretton,43,M
USR119,Peyton,Reed,57,M
USR120,Anna,Boden,45,F
USR121,Ryan,Fleck,45,M
USR122,Shane,Black,60,M
USR123,Scott,Derrickson,55,M
USR124,Jon,Favreau,55,M
USR125,Joss,Whedon,57,M
USR126,Kenneth,Branagh,61,M
USR127,Joe,Johnston,71,M
USR128,Anthony,Russo,51,M
USR128,Anthony,Russo,51,M
USR129,Joe,Russo,50,M
USR130,James,Cameron,67,M
USR131,Ridley,Scott,84,M
USR132,George,Lucas,77,M
USR133,J.J.,Abrams,55,M
USR134,Kathleen,Kennedy,68,F
USR135,Frank,Marshall,75,M
USR136,Steven,Soderbergh,59,M
USR137,David,Fincher,59,M
USR138,Todd,Phillips,51,M
USR139,Adam,McKay,53,M
USR140,Paul,Thomas Anderson,51,M
USR141,Barry,Jenkins,42,M
USR142,Damien,Chazelle,37,M
USR143,Rian,Johnson,48,M
USR144,Edgar,Wright,47,M
USR145,Guy,Ritchie,53,M
USR146,Matthew,Vaughn,50,M
USR147,Zack,Snyder,55,M
USR148,David,Ayer,53,M
USR149,Cathy,Yan,35,F
USR150,James,Gunn,55,M
USR151,David,Sandberg,40,M
USR152,Jaume,Collet-Serra,47,M
USR153,Andy,Muschietti,48,M
USR154,Barbara,Muschietti,50,F
USR155,Walter,Hamada,,
USR156,Chantal,Ngo,32,F
USR157,Jason,Momoa,42,M
USR158,Gal,Gadot,36,F
USR159,Ezra,Miller,29,They/Them
USR160,Ray,Fisher,34,M
USR161,Henry,Cavill,38,M
USR162,Ben,Affleck,49,M
USR163,Amy,Adams,47,F
USR164,Jesse,Eisenberg,38,M
USR165,Diane,Lane,57,F
USR166,Laurence,Fishburne,60,M
USR167,Jeremy,Irons,73,M
USR168,J.K.,Simmons,67,M
USR169,Amber,Heard,35,F
USR170,Willem,Dafoe,66,M
USR171,Patrick,Wilson,48,M
USR172,Nicole,Kidman,54,F
USR173,Yahya,Abdul-Mateen II,35,M
USR174,Dolph,Lundgren,64,M
USR175,Temuera,Morrison,61,M
USR176,Michael,Keaton,70,M
USR177,Sasha,Calle,26,F
USR178,Kiersey,Clemons,28,F
USR179,Maribel,Verdu,51,F
USR180,Ron,Livingston,54,M
USR181,Helen,Mirren,76,F
USR182,Lucy,Liu,53,F
USR183,Rachel,Zegler,20,F
USR184,Zachary,Levi,41,M
USR185,Asher,Angel,19,M
USR186,Jack,Dylan Grazer,18,M
USR187,Djimon,Hounsou,57,M
USR188,Meagan,Good,40,F
USR189,Adam,Brody,42,M
USR190,Ross,Butler,31,M
USR191,D.J.,Cotrona,41,M
USR192,Grace,Fulton,25,F
USR193,Marta,Milans,39,F
USR194,Cooper,Andrews,36,M
USR195,Viola,Davis,56,F
USR196,Joel,Kinnaman,42,M
USR197,Margot,Robbie,31,F
USR197,Margot,Robbie,31,F
USR198,Idris,Elba,49,M
USR199,John,Cena,44,M
USR200,Sylvester,Stallone,75,M